cell_id,cell_x,cell_y,cell_z,feature_1,feature_2,feature_3,feature_4,feature_5,feature_6,feature_7,feature_8,feature_9,feature_10,feature_11,feature_12,feature_13,feature_14,feature_15,feature_16,feature_17,feature_18,feature_19
0,1400.0000000000005,1.1368683772161605e-13,36.0,0.0,56289053.9679915,52769373.89594266,118293847.13260822,1441.1675822054835,0.2116729868480343,0.5534398657968548,52771668.7321206,1.0294054158610595,0.2034644699331696,True,1400.0,7.0,56288819.95948019,5376502.980033481,0.0208852127301179,0.2142857142857142,58035714.28571428,0.1833504311842937
1,1400.0000000000005,1.1368683772161605e-13,36.0,2.0,14488945.542892125,8940316.981426762,4589.672355869167,565.1061847122181,0.2510473583396757,0.4200398338391076,8940316.981426762,0.4036472747944415,0.0009818073523872,False,1400.0,9.0,14488929.28767457,2624.298812346206,0.0002534356428538,0.1428571428571428,81250000.0,7.916257022662253e-06
2,1400.0000000000005,1.1368683772161605e-13,36.0,0.0,4619858.36404024,19172607.156311795,3462101.5787051423,2045.724566015669,0.7391787596068229,0.9999999387147896,19172607.156311795,1.4612318328683351,0.0,False,1400.0,4.0,4619858.36404024,214.2542524482468,4.417345015555687e-05,0.1428571428571428,114285714.28571428,0.0001459899781749
3,1400.0000000000005,1.1368683772161605e-13,36.0,3.0,78121028.58386919,29533644.440218437,16077112.926662091,1974.7265633499744,0.0277940417177053,0.3977067480733101,29533644.440218437,1.4105189738214103,0.0,True,1400.0,6.0,78120006.39167474,1937.495533657681,0.1897141279954131,0.0714285714285714,58035714.28571428,0.0288312017807921
4,1400.0000000000005,1.1368683772161605e-13,36.0,0.0,8155185.669551267,89160375.25747481,5362047.159687185,2307.346744639826,0.4761421605671918,0.4038937504745342,89160375.25747481,1.6481048175998756,1.7113907956974227e-05,False,1400.0,9.0,8155185.669551267,3160.309778761559,1.3231699135358536e-05,0.125,81250000.0,0.0002241385722166
5,1400.0000000000005,1.1368683772161605e-13,36.0,1.0,1512828.796857989,18799163.083870776,1263.476323648836,2142.8229044883765,1.6174301344406163,0.8676680121096735,18799163.083870776,1.5305877889202688,1.7113615076141004e-05,False,1400.0,5.0,1512828.796857989,98.37117086232304,3.662673258138776e-05,0.2678571428571428,114285714.28571428,0.0008890951268552
6,1400.0000000000005,1.1368683772161605e-13,36.0,0.0,52106677.43106783,56336817.059798434,40807409.58471443,2545.624677755934,0.0681070999647149,0.4376078222373652,56336995.73012057,1.8183033412542384,0.0001342321424748,True,1400.0,12.0,52106222.6304453,1796446.4550725273,0.0367771908314663,0.2142857142857142,58035714.28571428,0.0391650124634272
7,1400.0000000000005,1.1368683772161605e-13,36.0,0.0,8112109.132448248,47679222.32637446,16082540.194608929,1620.0632703694016,0.5371384654916761,0.3899143775120541,47679222.32637446,1.1571880502638583,5.000250012500625e-05,False,1400.0,2.0,8112089.567086461,1758.8252115192304,8.406464081650139e-06,0.0714285714285714,81250000.0,4.561979174149078e-05
8,1400.0000000000005,1.1368683772161605e-13,36.0,3.0,1574738.7271944124,3582077.654524206,4232.331711592265,731.3036305119783,0.4919497981391191,0.7233631331039643,3582077.654524206,0.5223597360799845,0.0,False,1400.0,8.0,1574738.7271944124,0.0,0.0009388084475929,0.0357142857142857,114285714.28571428,7.065840507604874e-05
9,700.0000000000006,1212.4355652982142,46.0,3.0,71668985.5391338,59909933.32020585,94118882.9939662,1695.644735477283,0.127767103285665,0.6610879920311703,59909933.32020585,1.2111748110552023,0.2261778015346865,True,1399.9999999999995,11.0,71667710.42780113,3583038.164417575,0.0231949569371049,0.2321428571428571,58035714.28571428,0.0
10,700.0000000000006,1212.4355652982142,46.0,1.0,17995789.281235427,68285163.14627132,21166633.44897133,1642.3517305545345,0.280631690107443,0.4496451670409083,68285163.14627132,1.173108378967525,6.374717232491306e-05,False,1399.9999999999995,1.0,17995789.281235427,4768.342678007617,1.997392215015089e-06,0.2321428571428571,81250000.0,1.1385016715094253e-05
11,700.0000000000006,1212.4355652982142,46.0,0.0,481977.44457584055,3580112.280980681,6197.705255115221,679.6030679831399,0.3429760898668509,0.8653109115444874,3580112.280980681,0.4854307628451001,0.0,False,1399.9999999999995,10.0,481977.44457584055,0.0,0.0006476612999752,0.0714285714285714,114285714.28571428,6.14895025489975e-05
12,700.0000000000006,1212.4355652982142,46.0,0.0,77478297.2195721,84364538.6096547,49739655.956264,2199.4747323954152,0.1027282995837476,0.7121651075201089,84365253.29066962,1.57105338028244,0.7450335595416201,True,1399.9999999999995,1.0,77477562.08147673,10453651.967600608,0.0133205766054503,0.3392857142857143,58035714.28571428,0.0231949569371049
13,700.0000000000006,1212.4355652982142,46.0,0.0,9150362.50153738,14016660.253654538,8655657.237890316,498.016395324589,7.351338511775183e-05,0.3080316458407152,14016660.253654538,0.3557259966604209,8.257125635345143e-05,False,1399.9999999999995,6.0,9150362.50153738,1072.0219328307055,2.3641648746990525e-05,0.2142857142857142,81250000.0,1.660118045307444e-05
14,700.0000000000006,1212.4355652982142,46.0,0.0,781144.0743224749,18564921.38345212,1972.310628936814,2057.485412245371,0.6670863899588899,0.905941072550086,18564921.38345212,1.4696324373181229,5.000500050005e-05,False,1399.9999999999995,7.0,781144.0743224749,232.0365445808017,6.151165397249871e-05,0.2321428571428571,114285714.28571428,0.0003918368089174
15,700.0000000000006,1212.4355652982142,46.0,2.0,70537098.0587457,35732043.29812693,58392830.85276239,1026.999580284068,0.0271029066573818,0.5381493508515366,35732908.77172776,0.7335711287743344,8.074245584178894e-05,True,1399.9999999999995,5.0,70536494.2575071,5991.15692311149,0.0,0.1964285714285714,58035714.28571428,0.0133205766054503
16,700.0000000000006,1212.4355652982142,46.0,2.0,13843218.730828527,12231358.516837277,3160.309778761559,1099.016154282327,0.0964297617978179,0.3341485601954377,12231358.516837277,0.785011538773091,0.0005838805733021,False,1399.9999999999995,5.0,13843218.730828527,2624.298812346206,1.460378823805935e-05,0.1071428571428571,81250000.0,1.576109916466035e-05
17,700.0000000000006,1212.4355652982142,46.0,0.0,485587.3843434299,18155153.064684685,2495612.5002779984,1432.0663203201188,1.2016845191221934,1.0,18155153.064684685,1.022904514514371,0.0,False,1399.9999999999995,5.0,485587.3843434299,0.0,4.5153739469573566e-05,0.3035714285714285,114285714.28571428,0.0001568644209994
18,2800.0,4.547473508864641e-13,60.0,0.0,61988818.42725191,8939122.045191523,84355927.57536602,683.0,0.0769936009083928,0.290348777116333,8944069.058191663,0.3773588132608171,0.0004254358617646,True,1809.9484522385712,1.0,61987459.0037046,12339.654490499892,0.019147274030139,0.125,58035714.28571428,0.0120832439161879
19,2800.0,4.547473508864641e-13,60.0,3.0,32966683.069060232,33388276.61013046,49748619.91775188,649.1941158082075,0.1176014310969352,0.4290858352987533,33389320.754053425,0.3586809972434709,0.0002022502721703,False,1809.9484522385712,11.0,32966543.39696138,4081.539399319093,4.298219673825057e-06,0.1071428571428571,81250000.0,6.157860302630075e-06
20,2800.0,4.547473508864641e-13,60.0,0.0,1658276.3757598647,19569476.747103,14631172.240154129,1059.3700958588547,0.2276033322546403,0.9203589137111814,19569476.747103,0.5853040149008719,8.289118024617262e-05,False,1809.9484522385712,4.0,1658276.3757598647,721.7046715990809,4.220415067959571e-05,0.1964285714285714,114285714.28571428,6.532225096103304e-05
21,2800.0,4.547473508864641e-13,60.0,0.0,58420998.80614328,68565082.4251396,79271532.73637903,2871.410803072246,0.082612418091311,0.4216143234528424,68565947.89874044,1.5864599897974123,0.1130814283535954,True,1809.9484522385712,5.0,58418622.83678541,1799701.8011438325,0.0585308656560776,0.0892857142857142,58035714.28571428,0.0338536453003282
22,2800.0,4.547473508864641e-13,60.0,3.0,42118884.79284001,50980046.3757458,3545.52843290374,1761.7973776799645,1.8758888598226613,0.489093362576899,50980046.3757458,0.9733964387223,0.0001665953418167,False,1809.9484522385712,6.0,42118548.63893378,3874.991067315362,3.80023348943149e-05,0.1964285714285714,81250000.0,1.5002065569281582e-05
23,2800.0,4.547473508864641e-13,60.0,0.0,5842069.231131007,18915097.096375905,3441.473183000988,1252.104228888314,0.629556633808458,0.9189840867184156,18915097.096375905,0.6917899939855705,4.9977899848765664e-05,False,1809.9484522385712,12.0,5842069.231131007,157.5479756245912,0.0001722830183025,0.0357142857142857,114285714.28571428,0.0001023603616781
24,2800.0,4.547473508864641e-13,60.0,0.0,77291792.77008405,21168007.055528715,31598714.663591728,1957.6008275437568,0.1219981655763755,0.3536262470107255,21169944.551062368,1.0815782212595983,0.0002947710411722,True,1809.9484522385712,8.0,77290191.20994778,3585210.0862931022,0.0338536453003282,0.0,58035714.28571428,0.0655948957700287
25,2800.0,4.547473508864641e-13,60.0,1.0,12266987.786677204,46175598.693637006,21160943.87667277,1448.9755001379428,0.5881392486853921,0.4107438931161701,46175777.36395914,0.8005617498917322,0.0001249786162538,False,1809.9484522385712,11.0,12266840.545661926,4617.550365734445,1.550634890223505e-05,0.0,81250000.0,3.314251046569928e-05
26,2800.0,4.547473508864641e-13,60.0,3.0,645890.4486761166,19887484.545623656,5666674.055934908,1988.0656427794331,0.9700631673790946,0.98466047743533,19887484.545623656,1.0984100902545395,1.711390795697422e-05,False,1809.9484522385712,4.0,645890.4486761166,156.74524284185264,2.830558688618362e-05,-0.0357142857142857,114285714.28571428,0.0001234579500903
27,2100.0000000000005,1212.4355652982142,30.0,3.0,75180633.5621822,5364437.032157662,47954194.5922426,659.3170820986124,0.0835445360448681,0.2935580005100219,5366017.187047043,0.410796056016921,0.0006455747696879,True,1604.9742261192853,3.0,75180039.5544909,6979.544826346362,0.0,0.25,58035714.28571428,0.0336805705198853
28,2100.0000000000005,1212.4355652982142,30.0,0.0,17689213.264909748,39977763.724704765,97810398.6790863,1206.305829251752,0.2066378993001827,0.5097675421202731,39978121.06534906,0.751604486614414,5.755924716872194e-05,False,1604.9742261192853,5.0,17688979.768310435,4081.539399319093,2.593405979460759e-06,0.2857142857142857,81250000.0,4.9906345979045285e-05
29,2100.0000000000005,1212.4355652982142,30.0,3.0,3402015.283698197,9659.599658423123,4438.880043595995,753.1974861672851,0.0855720956556638,0.4669768301115389,9659.599658423123,0.4692894589269907,0.3392141935056767,False,1604.9742261192853,9.0,3402015.283698197,893.3516106922548,0.0506920819591243,0.1428571428571428,114285714.28571428,1.7706212675684067e-05
30,2100.0000000000005,1212.4355652982142,30.0,0.0,68212861.3584702,25016977.531152032,81058771.96872997,1931.0422949172105,0.1368259050252709,0.3682486890449534,25018736.35636356,1.2031609377219314,7.451205679019847e-05,True,1604.9742261192853,6.0,68211960.7428716,1796239.906740524,0.0673611410397706,0.0714285714285714,58035714.28571428,0.0144127202365747
31,2100.0000000000005,1212.4355652982142,30.0,0.0,15322034.623880316,50033033.83268351,36683109.50257868,1635.3876131600014,0.2329147232446937,0.3859785460445223,50033033.83268351,1.01894945510387,0.0002568090873576,False,1604.9742261192853,11.0,15322034.623880316,8643.333745322972,1.0302021934236353e-05,0.1964285714285714,81250000.0,0.0001011093949478
32,2100.0000000000005,1212.4355652982142,30.0,0.0,1666258.1956788322,18894770.81193041,910846.1180324322,1740.1810491149638,2.369653271166301,0.95666473033188,18894770.81193041,1.0842423640176448,0.0,False,1604.9742261192853,12.0,1666258.1956788322,0.0,8.094588596848321e-05,0.0535714285714285,114285714.28571428,0.012800970180627
33,2100.0000000000005,1212.4355652982142,30.0,1.0,84412098.4266952,60470034.18229418,63472278.6787492,2510.7931371105465,0.0779183428019844,0.4674434921729259,60470034.18229418,1.564382216393261,0.1275198468565122,True,1604.9742261192853,6.0,84410496.7823644,8944727.983460484,0.0288254404731494,0.3214285714285714,58035714.28571428,0.0441231768849442
34,2100.0000000000005,1212.4355652982142,30.0,0.0,36135665.49728868,3577968.237115022,2144.0438656614115,328.7963119425601,0.0993297413245418,0.4001999677062178,3577968.237115022,0.204860804984742,0.0001995273608026,False,1604.9742261192853,11.0,36135605.92929619,357.3406442769019,0.0001996253839161,0.2321428571428571,81250000.0,5.417511763424921e-06
35,2100.0000000000005,1212.4355652982142,30.0,0.0,2020601.6750777303,18300649.620799948,1722.0524011351094,757.7060011751879,0.6224293564971604,0.9999998775749852,18300649.620799948,0.4720985476553525,0.0,False,1604.9742261192853,3.0,2020601.6750777303,0.0,5.1321289201301394e-05,0.1964285714285714,114285714.28571428,0.0380574062878867
36,4.733990977001667e-13,-6.927791673660978e-14,54.0,3.0,51177631.045226246,40816616.807436034,78042127.40794834,1547.5028271379665,0.1781509774469642,0.4311023483210542,40816974.14808031,1.1053591622414043,8.572408275231456e-05,True,1400.0,1.0,51177216.97004646,9743.233688018963,0.060116599499089,0.0357142857142857,58035714.28571428,0.0245737719363213
37,4.733990977001667e-13,-6.927791673660978e-14,54.0,0.0,15097772.358778125,68843918.27981214,10723228.845773548,2126.153569241883,0.3275485710019276,0.4816315852318136,68843918.27981214,1.5186811208870592,0.0001684432941813,False,1400.0,6.0,15097734.969540192,6733.716221530574,2.020975939614879e-05,0.0535714285714285,81250000.0,7.308387510844042e-05
38,4.733990977001667e-13,-6.927791673660978e-14,54.0,0.0,1387248.5253148663,16114068.086525232,2551.716926444692,3269.230643438911,1.220433884030821,0.9730456764171274,16114068.086525232,2.335164745313508,0.0,False,1400.0,11.0,1387248.5253148663,85.50192767550854,8.405546296360735e-05,0.0892857142857142,114285714.28571428,0.0001289373675098
39,4.733990977001667e-13,-6.927791673660978e-14,54.0,0.0,67126605.79620853,34895155.58893918,36956172.15092304,1053.0000000000005,0.1179483210035126,0.377027964326262,34895512.92958345,0.7521428571428574,0.000276858106418,True,1400.0,6.0,67126275.17870626,4768.342678007617,0.0,-0.0714285714285714,58035714.28571428,0.0
40,4.733990977001667e-13,-6.927791673660978e-14,54.0,0.0,7320683.541391184,75708762.87890875,10724038.563354645,1870.0302136596624,0.2983478856299558,0.4455588377088055,75708941.54923089,1.3357358668997588,6.374623278611917e-05,False,1400.0,3.0,7320683.541391184,5304.3536444229685,1.033579377025062e-05,-0.1071428571428571,81250000.0,2.6898448999042904e-05
41,4.733990977001667e-13,-6.927791673660978e-14,54.0,0.0,960672.6673314002,16245418.409925183,2813.821758526152,2797.726398345628,1.2794289306243811,0.9999999986947185,16245418.409925183,1.9983759988183056,0.0,False,1400.0,7.0,960672.6673314002,0.0,7.556625905832282e-05,-0.0714285714285714,114285714.28571428,4.3421057781715945e-05
42,4.733990977001667e-13,-6.927791673660978e-14,54.0,0.0,56608637.30652775,28313088.99386509,44380101.34619489,1053.0,0.0722051382023774,0.3873270833557667,28313267.66418724,0.7521428571428571,0.0004367759278848,True,1400.0,1.0,56608408.79715357,10457.914976572769,0.0245737719363213,-0.0178571428571428,58035714.28571428,0.060116599499089
43,4.733990977001667e-13,-6.927791673660978e-14,54.0,0.0,14236152.56832745,21444257.891661696,1788668.594928032,3175.571916993851,0.3111816031727215,0.34890445167666,21444257.891661696,2.268265654995608,5.000750112516878e-05,False,1400.0,11.0,14236059.358280351,3366.858110765289,3.845196218426921e-05,0.0178571428571428,81250000.0,1.0870903973483178e-05
44,4.733990977001667e-13,-6.927791673660978e-14,54.0,1.0,196805.49452719247,16688891.634685894,963533.22735314,1374.6155826266486,0.9009471028206728,0.9999999999999996,16688891.634685894,0.981868273304749,0.0,False,1400.0,1.0,196805.49452719247,0.0,4.3183435779039335e-05,-0.0357142857142857,114285714.28571428,0.0001228184144529
45,-700.0000000000009,-1212.435565298214,36.0,0.0,58271776.50072589,83408228.22902504,67045327.78087394,1800.7432756390149,0.2546756251668591,0.594875424688732,83408585.56966932,1.2862451968850102,0.4347005496107756,True,1400.0000000000002,1.0,58270827.89388805,6874437.040472377,0.0593653592548753,0.1071428571428571,58035714.28571428,0.0564832828880965
46,-700.0000000000009,-1212.435565298214,36.0,0.0,9688463.28681116,1791292.8937403776,1965.3735435229603,251.0097440148645,0.0249414681491776,0.2700529379226409,1791292.8937403776,0.1792926742963317,0.0001994079987475,False,1400.0000000000002,7.0,9688463.28681116,357.3406442769019,0.0005978067701616,0.0178571428571428,81250000.0,3.4799618426492785e-05
47,-700.0000000000009,-1212.435565298214,36.0,0.0,944099.1626189768,16468842.295733295,823.36263340417,2195.20349494458,1.4512585109737677,0.9999999999999996,16468842.295733295,1.5680024963889851,0.0,False,1400.0000000000002,2.0,944099.1626189768,0.0,0.0001640421217226,0.2321428571428571,114285714.28571428,0.000151419699033
48,-700.0000000000009,-1212.435565298214,36.0,0.0,51528860.588859655,84085282.6774885,69110576.6745582,4211.536154231315,0.3198321579690043,0.6323262224814741,84085818.68845493,3.0082401101652243,0.3967851000008983,True,1400.0000000000002,7.0,51528338.49520961,10452913.41054226,0.1013060294647326,0.3035714285714285,58035714.28571428,0.011873071850975
49,-700.0000000000009,-1212.435565298214,36.0,0.0,9626597.918569788,35180434.97747166,10446084.658029877,673.1033122425001,0.0452189183192435,0.2497898001218109,35180434.97747166,0.4807880801732143,0.0004558462930521,False,1400.0000000000002,12.0,9626545.819297897,3696.320745176912,2.349558856110025e-05,0.1964285714285714,81250000.0,0.0002231039405784
50,-700.0000000000009,-1212.435565298214,36.0,0.0,263661.1089235902,10726210.485206269,4947.013000135048,3941.524242564397,0.8422067442892398,0.9160322021938084,10726210.485206269,2.8153744589745684,0.0,False,1400.0000000000002,2.0,263661.1089235902,0.0,9.989807092175227e-05,0.1428571428571428,114285714.28571428,5.733690351479803e-05
51,-700.0000000000009,-1212.435565298214,36.0,0.0,65397159.44584172,26237918.196159508,21436150.56888279,450.0997316526484,0.0629290213160276,0.4418548596437426,26237918.196159508,0.3214998083233202,0.0,True,1400.0000000000002,1.0,65396738.91456796,178.67032213845096,0.0,0.0535714285714285,58035714.28571428,0.0923150339805363
52,-700.0000000000009,-1212.435565298214,36.0,0.0,18097694.460274648,47684979.056955695,5361332.478398633,1466.6074689281204,0.1547315365591006,0.3306013082161107,47684979.056955695,1.047576763520086,0.0003280793449558,False,1400.0000000000002,1.0,18097583.61155455,5812.486600973043,2.9788214178240027e-05,0.2678571428571428,81250000.0,0.0004102856410549
53,-700.0000000000009,-1212.435565298214,36.0,0.0,147270.14021565067,17623330.645453297,814121.771777454,1063.9103701944546,0.9484996118309978,1.0,17623330.645453297,0.7599359787103246,3.33266679997334e-05,False,1400.0000000000002,7.0,147270.14021565067,81.24967782210119,0.0001440483457942,0.1071428571428571,114285714.28571428,0.0001689633543008
54,-1400.0000000000018,-2424.8711305964284,54.0,2.0,61657145.57540105,33671384.076787375,70618734.22364296,3147.247632459862,0.1527818879643989,0.3598878016745493,33672456.09872021,1.7388603684084472,1.7114786659625016e-05,True,1809.948452238572,6.0,61655508.51698283,1796954.5880290775,0.0,0.0892857142857142,58035714.28571428,0.0145106268639207
55,-1400.0000000000018,-2424.8711305964284,54.0,0.0,20185273.40599195,39310642.58250092,21445151.243272398,1290.728648169325,0.3466471313941839,0.3338906173397923,39310821.25282306,0.7131300599047072,0.0006051170308112,False,1809.948452238572,7.0,20185243.627943825,7158.215148484811,5.881589586363265e-06,0.0714285714285714,81250000.0,1.3258451254527717e-05
56,-1400.0000000000018,-2424.8711305964284,54.0,0.0,1681477.3109190648,14390610.447049964,1123225.533612803,2384.942753156038,0.6403348516022407,0.9999999895072912,14390610.447049964,1.3176854568461909,5.000500050005001e-05,False,1809.948452238572,6.0,1681477.3109190648,654.6420486557611,8.552124986185681e-05,0.125,114285714.28571428,4.958825776395994e-05
57,-1400.0000000000018,-2424.8711305964284,54.0,0.0,53581679.153125614,36967288.99116844,86138755.80568312,1283.3441286929556,0.1052159128706875,0.4580510421807704,36968718.35374555,0.7090500986951843,0.0001977714344771,True,1809.948452238572,8.0,53580857.62148024,12903.543466780524,0.0145106268639207,-0.0178571428571428,58035714.28571428,0.0
58,-1400.0000000000018,-2424.8711305964284,54.0,0.0,10296868.275391828,58401859.40516186,24736645.155619733,1943.8472833688024,0.6992638109353528,0.3357374712535639,58401859.40516186,1.073979361657854,0.0001999760028796,False,1809.948452238572,5.0,10296763.206909334,5332.231654288247,2.149068269658702e-06,0.0535714285714285,81250000.0,3.626894374778867e-05
59,-1400.0000000000018,-2424.8711305964284,54.0,0.0,3136137.6454785336,14625890.6983564,1836.899880923646,1883.5859456757016,0.6587317070860702,0.9999999999999644,14625890.6983564,1.0406848567129376,0.0,False,1809.948452238572,7.0,3136137.6454785336,0.0,3.3320095098282574e-05,0.1071428571428571,114285714.28571428,8.28948119332029e-05
60,-1400.0000000000018,-2424.8711305964284,54.0,1.0,78229866.50838648,17585985.157024235,33941465.08567511,455.51282729632686,0.0136660267059277,0.2446723313356052,17586878.50863493,0.2516717129335599,0.0002999700029997,True,1809.948452238572,1.0,78228659.15346366,2144.0438656614115,0.0,-0.0178571428571428,58035714.28571428,0.0
61,-1400.0000000000018,-2424.8711305964284,54.0,0.0,24005276.97106068,7148956.929403701,8933873.447566828,867.9367470569296,0.1105834580781997,0.1953771571792805,7148956.929403701,0.4795367216030115,0.0,False,1809.948452238572,9.0,24005177.714402024,1429.3625771076076,4.443753193947605e-05,0.2321428571428571,81250000.0,2.9407947931816326e-06
62,-1400.0000000000018,-2424.8711305964284,54.0,2.0,1057446.0102067331,18703776.75943472,16015459.843551066,789.4728894680343,0.2893330290492625,0.9999999935173598,18703776.75943472,0.4361852894161721,0.0,False,1809.948452238572,9.0,1057446.0102067331,0.0,5.099205239636856e-05,0.1428571428571428,114285714.28571428,6.16327221021102e-05
63,-700.0,1212.435565298214,58.0,2.0,62039551.86645066,59634480.79939101,89989814.56915244,1108.1552304379695,0.2046424976808694,0.6060940107083019,59635552.82132384,0.7915394503128353,0.00026491579328,False,1400.0,7.0,62038637.39696772,1801036.1274283975,0.0,0.0714285714285714,58035714.28571428,0.0
64,-700.0,1212.435565298214,58.0,1.0,16083866.750099448,77498805.08039418,8938105.779278424,2369.833316036216,0.3527443277432797,0.5187981405857647,77498805.08039418,1.692738082883011,7.999999999999999e-05,False,1400.0,4.0,16083706.6738854,7448.397510084376,1.2079838492383872e-05,0.1428571428571428,81250000.0,3.163485733374132e-06
65,-700.0,1212.435565298214,58.0,2.0,1051503.2126732708,14851649.058955949,1311556.3045238396,1595.3351733303782,0.5295753196249,0.9999999990378248,14851649.058955949,1.139525123807413,0.0,False,1400.0,11.0,1051503.2126732708,65.45222589368528,6.884079086854455e-05,0.0357142857142857,114285714.28571428,0.0001942850581148
66,-700.0,1212.435565298214,58.0,0.0,59602355.057360426,51535791.99182013,74192263.58071436,1207.9790271408262,0.1254514858505391,0.4532595042797288,51537701.60934393,0.8628421622434473,0.375070318652882,False,1400.0,11.0,59601675.82766648,5371433.052730927,0.0142080132600926,0.2321428571428571,58035714.28571428,0.0268638707290061
67,-700.0,1212.435565298214,58.0,0.0,21416483.49390852,81352817.60531017,31605063.161159117,1683.755371973815,0.454957040896747,0.4477377352459591,81353861.74923314,1.202682408552725,0.0002168690458418,False,1400.0,11.0,21416381.68908449,8671.21175518826,1.1072200066809463e-05,0.2678571428571428,81250000.0,1.3276019852736017e-05
68,-700.0,1212.435565298214,58.0,0.0,1241357.7673361828,8942846.243946556,3576388.082225641,2094.836591421661,1.5510408075800248,0.7769943656068494,8942846.243946556,1.4963118510154725,0.0,False,1400.0,11.0,1241357.7673361828,0.0,0.0002546631611457,0.1785714285714285,114285714.28571428,0.0001417173315976
69,-700.0,1212.435565298214,58.0,0.0,73075063.59271757,24738817.07749525,41757403.76723334,2442.1484111528416,0.0845802483773685,0.3702540425691917,24738817.07749525,1.7443917222520298,0.2065380011512244,False,1400.0,1.0,73073507.58540146,1795044.9705052853,0.0268638707290061,0.1785714285714285,58035714.28571428,0.0142080132600926
70,-700.0,1212.435565298214,58.0,3.0,24131039.792869445,12507581.47496039,19372331.03776447,682.1378267967765,0.11792572749628,0.3865070909100521,12507581.47496039,0.4872413048548403,0.0,False,1400.0,2.0,24130576.85250292,865.4736008269757,1.1208959376355548e-05,0.0178571428571428,81250000.0,4.441464522271048e-05
71,-700.0,1212.435565298214,58.0,2.0,979057.9791039228,16414336.491406107,4724.04784308526,1853.8093545876343,0.9051234050976292,0.8868350482175361,16414336.491406107,1.3241495389911673,9.99615750748739e-05,False,1400.0,7.0,979057.9791039228,302.631061951658,0.0002629456721408,0.125,114285714.28571428,0.0003893380137412
72,-1400.0,0.0,48.0,0.0,49855224.7836797,54554139.62179351,66766424.767918736,2641.27431365998,0.1674749066330044,0.4612431496104522,54554318.29211564,1.8866245097571288,7.306629223414568e-05,False,1400.0,5.0,49854921.95236396,1800114.8978078386,0.0,0.125,58035714.28571428,0.0414767264429048
73,-1400.0,0.0,48.0,0.0,11105047.55360513,35179335.07752895,1789684.8608411325,876.3583741826171,0.4091292027062777,0.3293628142863566,35179335.07752895,0.625970267273298,0.0003278532944888,False,1400.0,9.0,11104970.036412347,3160.309778761559,2.899784561824577e-05,0.0178571428571428,81250000.0,1.748145242035309e-05
74,-1400.0,0.0,48.0,2.0,441889.7301682776,16198482.34725535,1235.0460222727909,3185.5363755574976,0.6778870586487192,0.9671553952485926,16198482.34725535,2.2753831253982124,0.0,False,1400.0,11.0,441889.7301682776,0.0,9.404602296774765e-05,0.1428571428571428,114285714.28571428,8.445084522035187e-05
75,-1400.0,0.0,48.0,2.0,58973125.848958224,50982698.55256802,100428450.82967225,1661.067728902106,0.1335089639430485,0.5228109212471823,50983055.89321229,1.18647694921579,0.0003243381969081,False,1400.0,5.0,58972553.56129903,15198.379644715107,0.035393943339613,0.0892857142857142,58035714.28571428,0.0288271598928806
76,-1400.0,0.0,48.0,0.0,18758711.442369323,31602824.08100092,10723915.64905224,647.5955527951069,0.2712251987679289,0.3616474417257579,31602824.08100092,0.4625682519965049,0.0001857431499208,False,1400.0,3.0,18758440.38140527,2501.3845099383134,8.44243252742616e-06,-0.0714285714285714,81250000.0,9.665948539415256e-06
77,-1400.0,0.0,48.0,3.0,3134.896983520881,16615925.423816975,529246.7482499515,1328.8197770954494,1.5376111762216391,0.9400694651989928,16615925.423816975,0.9491569836396068,1.4611370084861397e-05,False,1400.0,3.0,3134.896983520881,52.695282203797305,2.103477897319336e-05,0.125,114285714.28571428,2.045515202795398e-05
78,-1400.0,0.0,48.0,1.0,70817928.69381413,28026531.03506781,33940929.07470869,852.5585023914781,0.0414662690026085,0.3564458141482814,28026888.37571209,0.6089703588510558,0.0,False,1400.0,3.0,70817496.51040097,2802.969134484657,0.0288271598928806,0.2142857142857142,58035714.28571428,0.0117979811132043
79,-1400.0,0.0,48.0,0.0,9366200.001309264,51253974.49769098,14014365.417476606,996.5861728922392,0.4031500237935171,0.3285352846455379,51253974.49769098,0.7118472663515993,7.500029255822552e-05,False,1400.0,4.0,9366121.942801043,2624.298812346206,1.3260236156640011e-05,0.25,81250000.0,2.3553113342543592e-05
80,-1400.0,0.0,48.0,0.0,187527.90581825,18668172.553991668,2146.5337022999247,3055.8880869560653,1.5564310546621634,0.999999999999973,18668172.553991668,2.1827772049686183,0.0,False,1400.0,1.0,187527.90581825,69.94714420544256,0.0001143858232006,0.2857142857142857,114285714.28571428,0.0001801617221546
81,-2100.000000000001,-1212.4355652982144,44.0,3.0,91858919.33125947,37526619.41594849,68832567.01322484,2106.438096210929,0.2068700902552177,0.57674608347394,37527870.108203456,1.3124435657164089,0.0001307418820379,False,1604.9742261192855,2.0,91857431.6581186,3587298.3741390337,0.0503862225929058,-0.0178571428571428,58035714.28571428,0.0629807218218245
82,-2100.000000000001,-1212.4355652982144,44.0,3.0,24871073.045015093,70627528.34970056,8939658.056157935,1939.5865894317928,0.5185969446057452,0.3801186373988688,70627707.0200227,1.2084845711956238,7.450365554949563e-05,False,1604.9742261192855,4.0,24870937.06428039,5276.47563455769,6.7365831397035125e-06,-0.0357142857142857,81250000.0,2.269999711828822e-05
83,-2100.000000000001,-1212.4355652982144,44.0,0.0,438988.4821762007,15305630.426928762,2090.785978458162,1711.96794977601,1.2202872358243777,0.9784705343880185,15305630.426928762,1.0666638266929855,0.0,False,1604.9742261192855,3.0,438988.4821762007,0.0,0.0001255496006768,-0.0178571428571428,114285714.28571428,0.000116129388142
84,-2100.000000000001,-1212.4355652982144,44.0,0.0,60823597.05934128,49452975.26915506,138290160.07132033,1308.4586351887476,0.214967370813875,0.8069521562902354,49455447.94610351,0.8152521167598488,0.1578372758397451,False,1604.9742261192855,3.0,60822404.97267927,5369040.041195435,0.0,0.1071428571428571,58035714.28571428,0.0595945795803819
85,-2100.000000000001,-1212.4355652982144,44.0,3.0,26520219.417318966,35180172.673119925,14024147.931437427,2369.5273499363434,0.1568424405480052,0.4128928484701291,35180530.0137642,1.476364736189997,2.601862418603254e-05,False,1604.9742261192855,8.0,26520132.10983024,5248.597624692411,1.4524766926415183e-05,0.2142857142857142,81250000.0,4.491055426469008e-06
86,-2100.000000000001,-1212.4355652982144,44.0,0.0,5600.129999332575,25176593.34881229,1366173.4442211117,1491.6084864478942,1.3617641529517457,0.7373015576403392,25176593.34881229,0.9293660061161844,0.0,False,1604.9742261192855,6.0,5600.129999332575,271.6843542082204,4.526220224011328e-05,0.0357142857142857,114285714.28571428,0.0001622684107181
87,-2100.000000000001,-1212.4355652982144,44.0,0.0,82476043.8970222,49187502.78975045,88203826.0290565,729.4752111613205,0.0429039656950193,0.5586332558188387,49188932.15232755,0.4545089879263296,0.0002480377013207,False,1604.9742261192855,7.0,82474471.43875253,7420.519500219099,0.0889844863402692,0.1785714285714285,58035714.28571428,0.0294178473763096
88,-2100.000000000001,-1212.4355652982144,44.0,0.0,19680657.742297627,38469427.50530902,17593227.006202318,1670.9028531782228,0.1311857245432955,0.3199382665550329,38469606.175631166,1.041077685850662,4.129329986593577e-05,False,1604.9742261192855,7.0,19680538.095937014,2830.847144349936,1.5437613655080626e-05,0.1785714285714285,81250000.0,9.507911176442095e-06
89,-2100.000000000001,-1212.4355652982144,44.0,0.0,1992189.222711863,20157397.17112284,7518.391521046004,874.9780123640502,0.3548533911465759,0.9321806523708396,20157397.17112284,0.5451663946527573,0.0,False,1604.9742261192855,3.0,1992189.222711863,271.5403082604846,0.0001201432502534,0.2142857142857142,114285714.28571428,0.0001286075639746
90,-1399.9999999999986,2424.871130596429,44.0,0.0,61603943.26897226,25014861.36529624,40251362.38401554,1407.468850938317,0.0670431358633098,0.2813091997932612,25016441.520185616,0.7776292464006578,0.250056257032129,False,1809.9484522385712,12.0,61602413.30854058,3580290.951302822,0.0547402861118977,0.1964285714285714,58035714.28571428,0.0
91,-1399.9999999999986,2424.871130596429,44.0,0.0,21567082.45699046,36681172.00704502,36960555.274946906,606.1409181657939,0.0496601542310561,0.2947521233703258,36681350.677367166,0.3348940227640791,0.0003168360227788,False,1809.9484522385712,4.0,21566879.826835524,3366.858110765289,2.4262103664988625e-06,0.0,81250000.0,2.5112685526677545e-05
92,-1399.9999999999986,2424.871130596429,44.0,0.0,330070.42832134827,17970976.12032841,2172923.0028097783,1471.848606361532,0.6739983560568573,0.971606076805994,17970976.12032841,0.8131991850602859,3.33377783704494e-05,False,1809.9484522385712,6.0,330070.42832134827,422.7327439721944,4.9713580301862894e-05,0.0892857142857142,114285714.28571428,7.060963772240426e-05
93,-1399.9999999999986,2424.871130596429,44.0,0.0,50254719.67245374,7150509.206283218,63473529.37100415,508.7304684390864,0.0334776683819114,0.2048446275737352,7151759.898538187,0.2810745619909124,0.000445989481204,False,1809.9484522385712,7.0,50253058.45027536,6376.375577253673,0.0,0.1607142857142857,58035714.28571428,0.0
94,-1399.9999999999986,2424.871130596429,44.0,0.0,32768671.142173342,17588816.004168592,12508832.167215362,612.969365633397,0.0996982489851354,0.2828689605509478,17588816.004168592,0.3386667531195528,0.0003499125218695,False,1809.9484522385712,5.0,32768191.64874035,1786.7032213845096,2.9681774655789557e-05,0.1607142857142857,81250000.0,9.729831099702674e-06
95,-1399.9999999999986,2424.871130596429,44.0,0.0,1046904.0910378204,20761671.41195953,4373394.580528041,800.5912315585203,0.1950934053127942,1.0,20761671.41195953,0.4423281947993254,0.0,False,1809.9484522385712,10.0,1046904.0910378204,109.27518941543325,3.844933005545466e-05,0.3214285714285714,114285714.28571428,4.031828658840667e-05
96,-1399.9999999999986,2424.871130596429,44.0,0.0,53600948.76198725,24736466.485297594,65539079.84932414,1387.598384190217,0.0502475143772112,0.2906052539201449,24738197.43249925,0.766650775315736,7.878507463653277e-05,False,1809.9484522385712,5.0,53599533.31286701,8079.444769042342,0.0,0.3035714285714285,58035714.28571428,0.0273701430559488
97,-1399.9999999999986,2424.871130596429,44.0,0.0,33206121.46353702,10723558.30840796,13739694.736233003,904.9821324336712,0.1057458793303488,0.3387267203594523,10723558.30840796,0.5000043682539002,0.0002031714503311,False,1809.9484522385712,2.0,33205658.391908824,2830.847144349936,4.268213720636642e-05,0.3035714285714285,81250000.0,1.1872709862315822e-05
98,-1399.9999999999986,2424.871130596429,44.0,0.0,1511306.7374540635,16857554.30256357,713579.7985356939,2135.3181279082323,1.7729968677657095,0.9211187453094188,16857554.30256357,1.1797673714227823,0.0,False,1809.9484522385712,8.0,1511306.7374540635,71.16693953774178,4.455240796700679e-05,0.2857142857142857,114285714.28571428,8.480641196313373e-05
99,-2100.0,1212.435565298214,52.0,0.0,62074838.709799886,35454541.76973898,17585421.268047955,3182.9224356817454,0.0195638069704757,0.2985296504114113,35455228.57301767,1.9831610899932184,0.3333555592598766,False,1604.974226119286,8.0,62073576.10620756,1793381.181586309,0.0673584888989306,0.2857142857142857,58035714.28571428,0.0471720769395065
100,-2100.0,1212.435565298214,52.0,1.0,23682992.81317093,57174335.81624512,29815378.300317984,1646.7059027076136,0.3485857692926319,0.4709271477048904,57174335.81624512,1.0260014621476083,0.0001855360590179,False,1604.974226119286,5.0,23682698.206014797,6705.838211665296,1.0269623480946214e-05,0.1428571428571428,81250000.0,2.4218184413689188e-05
101,-2100.0,1212.435565298214,52.0,1.0,1045555.5071084324,1792694.3783076203,2473.506500073034,885.003715430246,0.4312447556328223,0.7733856677330959,1792694.3783076203,0.5514130389309255,0.0,False,1604.974226119286,2.0,1045555.5071084324,0.0,0.0016764546045846,0.0357142857142857,114285714.28571428,5.624088880026068e-05
102,-2100.0,1212.435565298214,52.0,1.0,48332635.18364131,5363476.522264296,53034357.09951797,735.3988864014847,0.031312052042638,0.2073095151431691,5364905.884841403,0.4581998105848884,0.0001000100010001,False,1604.974226119286,5.0,48331862.28437859,5868.242620703599,0.0,-0.0178571428571428,58035714.28571428,0.0336792444494653
103,-2100.0,1212.435565298214,52.0,0.0,22947977.596114453,47404015.63416444,37239335.37359969,1593.706987040665,0.159775394069942,0.4189783525424472,47404372.97480871,0.9929798006128332,0.0002147291845667,False,1604.974226119286,4.0,22947680.403548516,7599.189822357548,4.221721375895478e-06,0.1607142857142857,81250000.0,4.107849392378486e-06
104,-2100.0,1212.435565298214,52.0,0.0,876996.8538967466,22548677.932274822,934295.5809615728,1067.029650856667,1.5036058983762774,0.820512757232647,22548677.932274822,0.664826657956165,0.0,False,1604.974226119286,9.0,876996.8538967466,93.2305670576696,1.5880538638791942e-05,0.1428571428571428,114285714.28571428,0.0003194138216301
105,-2100.0,1212.435565298214,52.0,0.0,50245674.36906901,42604364.17274352,58393037.401094384,1379.628776728838,0.25084829006684,0.425761834346394,42605436.19467634,0.8595955961639851,0.1669817208107591,False,1604.974226119286,10.0,50245086.15212083,3584551.161024279,0.0353740958263021,0.25,58035714.28571428,0.0336792444494653
106,-2100.0,1212.435565298214,52.0,0.0,23966704.704056505,8935632.272778343,8934560.250845512,575.2176842004191,0.2297252527472114,0.3297752383452672,8935632.272778343,0.3583968358116595,0.0003995205753096,False,1604.974226119286,4.0,23966600.269944724,1580.1548893807794,1.999646303779371e-05,0.1428571428571428,81250000.0,6.161774088567729e-06
107,-2100.0,1212.435565298214,52.0,0.0,82717.94117439198,19429351.88076337,1727.8196352453156,3048.76587404196,0.8523436884193498,0.785679877349754,19429351.88076337,1.8995731049299525,0.0,False,1604.974226119286,4.0,82717.94117439198,151.27140062787203,5.449516036792239e-05,0.1785714285714285,114285714.28571428,0.0011830682938486
108,-2800.0,-4.547473508864641e-13,34.0,0.0,69261663.11448626,53322177.15283317,44101198.3332397,1400.942539863788,0.0892583449642723,0.535071801628374,53322177.15283317,0.7740234469833004,0.0001921999772041,False,1809.9484522385708,9.0,69260218.09178685,1796870.9539994802,0.125490384228129,0.0,58035714.28571428,0.0604171962631635
109,-2800.0,-4.547473508864641e-13,34.0,0.0,20958936.696010128,76267350.73618214,24456340.655465186,1893.000264130991,0.902740333044195,0.5894325306193806,76267350.73618214,1.0458862857611777,0.0001140664558812,False,1809.9484522385708,3.0,20958913.269230347,3874.9910668983193,1.3914150163957502e-05,0.0535714285714285,81250000.0,3.3863199771703744e-06
110,-2800.0,-4.547473508864641e-13,34.0,1.0,291738.4552825764,8947793.256946702,3997.9053697232553,2069.2000869901394,1.683243272708105,0.7507909566227398,8947793.256946702,1.1432370266848884,0.0,False,1809.9484522385708,9.0,291738.4552825764,178.67032213845096,0.0007428772713028,0.125,114285714.28571428,0.0002944070585433
111,-2800.0,-4.547473508864641e-13,34.0,0.0,53309098.871116966,73921166.30591355,73913058.9831346,994.0060361989764,0.2102554561644199,0.560941217984804,73922595.66849066,0.5491902462578839,0.2224946792331915,False,1809.9484522385708,7.0,53308791.17398501,10729041.332374517,0.0604171962631635,0.1607142857142857,58035714.28571428,0.0550077187890784
112,-2800.0,-4.547473508864641e-13,34.0,0.0,26126100.494864754,70344956.89401004,16086800.40433038,2806.7178340545747,0.4143556727110064,0.6289401353252575,70344956.89401004,1.5507170000246056,2.064750253648161e-05,False,1809.9484522385708,4.0,26125941.653221995,4438.880043595995,0.0,0.1607142857142857,81250000.0,1.1830053166911334e-05
113,-2800.0,-4.547473508864641e-13,34.0,0.0,292004.3287598735,22956602.777058944,7420.513967181644,725.5542708853696,0.4030379677669515,0.8057008423640445,22956602.777058944,0.4008701297476144,0.0001998401278976,False,1809.9484522385708,9.0,292004.3287598735,893.3509445734034,0.0002584650086131,0.0714285714285714,114285714.28571428,0.0003698747635003
114,-2800.0,-4.547473508864641e-13,34.0,0.0,80766237.74075879,42043163.41071248,49461816.13034977,1633.2985030299876,0.1502985207900412,0.5514671274326461,42044743.56560186,0.9024005634027312,5.845388798908896e-05,False,1809.9484522385708,1.0,80765078.03887571,5367653.097956161,0.0,0.2142857142857142,58035714.28571428,0.0704826654390505
115,-2800.0,-4.547473508864641e-13,34.0,0.0,17391631.031467855,50977310.56489399,54547461.66159171,994.0060361989756,0.3321880347648356,0.4354335907168559,50977489.235216126,0.5491902462578834,0.0002920951741662,False,1809.9484522385708,7.0,17391435.150093574,4383.124023865435,9.894775425095462e-06,0.125,81250000.0,8.592552444971258e-06
116,-2800.0,-4.547473508864641e-13,34.0,0.0,232959.1258733755,3583602.053393857,7777.860144495999,468.8752499332844,0.5693459512812746,0.6665597731828854,3583602.053393857,0.2590544771335187,0.0004970070312236,False,1809.9484522385708,2.0,232959.1258733755,893.3516106922548,0.0001989990771679,-0.0178571428571428,114285714.28571428,0.00025564114976
117,699.9999999999998,-1212.435565298215,32.0,0.0,71983427.3264477,38753333.287284136,60179025.94119034,935.3694825852652,0.1356108425918346,0.4972998365860281,38754047.96857268,0.668121058989475,0.1670532863728612,False,1400.0,2.0,71982138.60846885,1798233.158293913,0.0,0.125,58035714.28571428,0.0844022560916495
118,699.9999999999998,-1212.435565298215,32.0,2.0,17651837.31691184,83690498.10009101,28309694.25774448,1618.8200592458986,0.6663796585028763,0.6438962702367031,83690676.77041315,1.156300042318499,0.0001549164091874,False,1400.0,8.0,17651807.77742796,5304.3536444229685,6.38107197414831e-06,0.2321428571428571,81250000.0,2.703884680411347e-05
119,699.9999999999998,-1212.435565298215,32.0,1.0,3143128.312432175,5371405.17472106,4768.342678007617,1521.344741548931,0.6780132546590625,0.7733950769628422,5371405.17472106,1.0866748153920935,9.998000399920018e-05,False,1400.0,6.0,3143128.312432175,178.67032213845096,0.0003936193370521,0.0714285714285714,114285714.28571428,9.298956984615444e-05
120,699.9999999999998,-1212.435565298215,32.0,1.0,73359211.2464963,69396157.64772637,72125283.73981728,1770.1160672651968,0.0930744870174691,0.6089722933367056,69396157.64772637,1.2643686194751405,0.0001678482362239,False,1400.0,4.0,73358252.68015367,7392.641490353817,0.0757346390720464,0.1428571428571428,58035714.28571428,0.0121059586683435
121,699.9999999999998,-1212.435565298215,32.0,0.0,18801602.772982966,10441137.645029724,2116.1658557961323,566.8258174902722,0.0573068744536206,0.2923752736476751,10441137.645029724,0.404875583921623,0.0001,False,1400.0,12.0,18801578.18210151,357.3406442769019,3.421736661273405e-05,-0.0357142857142857,81250000.0,1.093351172137294e-05
122,699.9999999999998,-1212.435565298215,32.0,0.0,195251.18774023335,15566558.91717859,3710.6871720439785,3307.655487295885,1.018139700057632,0.937210087410931,15566558.91717859,2.362611062354204,0.0,False,1400.0,4.0,195251.18774023335,0.0,9.282583413030544e-05,0.2142857142857142,114285714.28571428,0.0003185857970993
123,699.9999999999998,-1212.435565298215,32.0,0.0,62863515.50430862,64993161.10096742,82566064.0442027,1556.3472961834177,0.2274113495633674,0.5743478005451834,64994590.46354453,1.1116766401310123,0.0002015847163153,False,1400.0,10.0,62863121.28435199,14690.246688165033,0.0586408952239698,-0.0178571428571428,58035714.28571428,0.0252448796906821
124,699.9999999999998,-1212.435565298215,32.0,2.0,13436565.281703483,77777172.08238295,38474497.43261161,1316.0796294572629,0.1720948754568247,0.4729984386721771,77777172.08238295,0.9400568781837592,0.0001609412119693,False,1400.0,5.0,13436538.332698368,7928.652456769172,1.3832342416713843e-05,0.0178571428571428,81250000.0,1.935421212816133e-05
125,699.9999999999998,-1212.435565298215,32.0,0.0,2393564.0794230057,16454274.943747098,3595.7670086780845,1794.7565911851395,0.8775079690566451,0.93445621900453,16454274.943747098,1.2819689937036711,0.0,False,1400.0,8.0,2393564.0794230057,0.0,9.60390768122724e-05,-0.0357142857142857,114285714.28571428,6.81379663878456e-05
126,2100.0000000000005,-1212.435565298215,58.0,3.0,64840685.1689885,26808214.66887268,75980217.49435386,926.721375265249,0.1113860977578786,0.4497309665216185,26811732.31929571,0.5774057677586485,0.1669539575548774,False,1604.974226119286,12.0,64838920.564409554,5375581.750412923,0.0,0.0892857142857142,58035714.28571428,0.02982014461116
127,2100.0000000000005,-1212.435565298215,58.0,0.0,19195905.8392056,49466020.58405151,24737895.847874694,820.2676482386881,0.260377623908837,0.4731682114875811,49466886.05765234,0.5110783929671178,0.0001768657937661,False,1604.974226119286,9.0,19195863.48896453,4355.246014000157,2.573472689334751e-05,0.0357142857142857,81250000.0,9.004141706275583e-06
128,2100.0000000000005,-1212.435565298215,58.0,0.0,3925520.115288639,22580124.613588803,4989.308672021082,1040.4052426587562,0.8082234924959425,0.9608638884453362,22580124.613588803,0.6482379752442395,3.332906280324289e-05,False,1604.974226119286,9.0,3925520.115288639,284.08638236530345,9.381817182306226e-05,0.0535714285714285,114285714.28571428,2.248449353761836e-05
129,2100.0000000000005,-1212.435565298215,58.0,3.0,76710846.65838262,38467668.68009752,21436329.23920493,906.020525213666,0.0416722628109548,0.3804598009253542,38467847.35041966,0.5645078347484491,0.0001040690812754,False,1604.974226119286,12.0,76707864.75013776,4411.002033730716,0.0596402892223201,0.25,58035714.28571428,0.0
130,2100.0000000000005,-1212.435565298215,58.0,0.0,13154201.862683816,87656600.82904786,28306025.81391858,1634.7069486276605,0.5667005791471884,0.6057220317358722,87656600.82904786,1.0185253582422105,6.095702058357628e-05,False,1604.974226119286,9.0,13154122.547873965,5991.156922880674,1.3626415122391002e-05,0.3392857142857143,81250000.0,2.5866998017190177e-05
131,2100.0000000000005,-1212.435565298215,58.0,1.0,3514005.9801011737,14304178.721964372,3394.7361205401908,938.1502788973658,0.3310505001148041,0.915322544073774,14304178.721964372,0.5845266943418441,0.0,False,1604.974226119286,1.0,3514005.9801011737,0.0,0.000210344365886,0.2321428571428571,114285714.28571428,0.0001937944333716
132,2100.0000000000005,-1212.435565298215,58.0,0.0,44147807.80971713,46178457.41879122,75979296.26473327,1885.4102570490093,0.0639093255210686,0.503541754556942,46181053.8395937,1.1747293049108944,0.0002707580297141,False,1604.974226119286,1.0,44146733.92728165,3587477.044461171,0.0,0.2142857142857142,58035714.28571428,0.02982014461116
133,2100.0000000000005,-1212.435565298215,58.0,0.0,26759931.56573312,61417638.49234263,10442511.2515871,2086.980630636202,0.2857558630402302,0.6400050861109059,61417638.49234263,1.3003203395249363,2.9224875247062367e-05,False,1604.974226119286,1.0,26759883.16230873,4081.539399319093,9.945446691950089e-06,0.2857142857142857,81250000.0,2.086319053182836e-05
134,2100.0000000000005,-1212.435565298215,58.0,1.0,1070456.502115475,10725136.002073484,7147827.511154597,1081.8434617851603,0.3982479542556315,0.8883328242180648,10725136.002073484,0.674056594915534,0.0,False,1604.974226119286,9.0,1070456.502115475,0.0,9.840700489312572e-05,0.1071428571428571,114285714.28571428,0.0002139089519308
135,-6.821210263296962e-13,-2424.871130596428,54.0,2.0,65207294.56356122,19660151.09107967,47675498.1276194,2130.0034736891507,0.1460966435591561,0.3440217365389981,19661759.12397892,1.3271262796782406,0.2502349466685496,False,1604.9742261192855,2.0,65205437.7640329,1798300.3165765903,0.0,0.0,58035714.28571428,0.0135005921490367
136,-6.821210263296962e-13,-2424.871130596428,54.0,0.0,24713586.77311617,44108618.85273992,24734528.98976393,2201.030880253955,0.1923948119833947,0.4059626404185282,44108618.85273992,1.3713808262054727,1.3009481337419155e-05,False,1604.9742261192855,5.0,24713417.13759341,4768.342678007617,5.190649403400455e-06,-0.0714285714285714,81250000.0,1.7098627158933803e-05
137,-6.821210263296962e-13,-2424.871130596428,54.0,2.0,598881.5621367481,16952460.448091492,2259543.352189437,1971.664731305725,0.8403011159151227,0.9999999999892236,16952460.448091492,1.2284712733817982,3.333017366669427e-05,False,1604.9742261192855,6.0,598881.5621367481,225.71709219443636,3.1330008681500925e-05,-0.0357142857142857,114285714.28571428,3.6817125244364674e-05
138,-6.821210263296962e-13,-2424.871130596428,54.0,0.0,70099387.69973113,28313898.7114462,31875501.51069113,1860.5293991972185,0.0974640916335907,0.3952332070034345,28313898.7114462,1.1592269638471686,0.0006091475723419,False,1604.9742261192855,1.0,70097305.86329794,11088.962235530737,0.0296787453297005,0.0892857142857142,58035714.28571428,0.0270011842980735
139,-6.821210263296962e-13,-2424.871130596428,54.0,0.0,38534966.12147545,8661620.51680356,1787775.243317339,3958.504371867783,0.2513131702960631,0.3528931681678701,8661620.51680356,2.4663974707177494,2.6019301172451327e-05,False,1604.9742261192855,8.0,38534637.21294577,4561.794346003888,6.839450863573521e-05,0.125,81250000.0,2.5953247017002274e-06
140,-6.821210263296962e-13,-2424.871130596428,54.0,1.0,1049858.0109167737,17505199.458648495,1374580.807178391,825.050635788253,0.7218085831074119,0.9999999924112744,17505199.458648495,0.5140584953710859,0.0,False,1604.9742261192855,4.0,1049858.0109167737,0.0,5.951897095944326e-05,-0.0714285714285714,114285714.28571428,8.780940991271179e-05
141,-6.821210263296962e-13,-2424.871130596428,54.0,3.0,57261595.07599749,49468549.84657131,82847563.47796044,802.4470056594183,0.0532276928404261,0.4217131242039322,49472754.30027303,0.4999750105642996,0.0003355041419791,False,1604.9742261192855,12.0,57260758.091619454,8665523.385880746,0.0405017764471103,0.3214285714285714,58035714.28571428,0.0
142,-6.821210263296962e-13,-2424.871130596428,54.0,0.0,22231655.528140105,23228158.14391173,22673718.976112098,693.8817880817265,0.1690578201007089,0.2428243030259268,23228158.14391173,0.4323320442095097,0.0004278942960359,False,1604.9742261192855,9.0,22231569.777795028,2830.847144349936,0.0,0.1607142857142857,81250000.0,3.679257901956783e-05
143,-6.821210263296962e-13,-2424.871130596428,54.0,0.0,3211647.05822944,19817481.65470949,3092497.9006813746,1879.4512326292197,0.5535055567733744,0.9999999790409156,19817481.65470949,1.1710164574876694,0.0,False,1604.9742261192855,4.0,3211647.05822944,747.2655292364333,0.0001066873288514,0.125,114285714.28571428,4.490228595128266e-05
144,1399.999999999999,-2424.871130596428,54.0,1.0,49414280.78195483,24733306.175518826,21436507.909527067,463.0284065814532,0.1374065462804467,0.2172050215568645,24733663.516163103,0.2558240849394207,0.0005612627746198,False,1809.9484522385708,8.0,49413240.59019555,3545.52843290374,0.0386907748307095,0.1607142857142857,58035714.28571428,0.0384587505365525
145,1399.999999999999,-2424.871130596428,54.0,2.0,23372888.811161093,39023386.418162,14292732.419465384,1069.279389921527,0.1645655076103726,0.2993980199862622,39023386.418162,0.5907789189239209,3.33377783704494e-05,False,1809.9484522385708,2.0,23372719.786897764,1786.7032213845096,3.351150196858589e-06,0.3571428571428571,81250000.0,1.1979700151860564e-05
146,1399.999999999999,-2424.871130596428,54.0,3.0,650708.9859743993,3579604.1480241306,1072.0219328307055,284.40980262904986,0.3214832981025734,0.7127860559525323,3579604.1480241306,0.1571369628108953,0.0001993682431251,False,1809.9484522385708,12.0,650708.9859743993,357.3406442769019,0.0005987818400475,0.1607142857142857,114285714.28571428,8.61541276488359e-05
147,1399.999999999999,-2424.871130596428,54.0,0.0,32265366.899081435,25011494.50718547,63472457.34907134,781.1132575270149,0.0553394086978791,0.255972054396807,25011673.17750761,0.4315665766950006,2.0003600648116664e-05,False,1809.9484522385708,10.0,32264635.026224293,1789176.7278845813,0.0,0.2142857142857142,58035714.28571428,0.0
148,1399.999999999999,-2424.871130596428,54.0,0.0,21641867.43225027,24734020.856807377,14298544.90606636,816.7854901181659,0.0558458085710562,0.2849583667933193,24734020.856807377,0.4512755537915754,3.4224887306092475e-05,False,1809.9484522385708,7.0,21641829.508436944,1580.1548893807794,1.373240410767938e-05,0.25,81250000.0,4.94429689447748e-06
149,1399.999999999999,-2424.871130596428,54.0,2.0,491244.9306648144,20193105.48306936,2587419.7709717,1848.33763548412,1.7663358630090222,0.8083691466368716,20193105.48306936,1.0212100975572362,0.0,False,1809.9484522385708,1.0,491244.9306648144,103.38881187850892,3.630778859593456e-05,0.3571428571428571,114285714.28571428,0.0003190803926662
150,1399.999999999999,-2424.871130596428,54.0,3.0,43922424.03667022,26798376.39889212,19649983.358464696,575.0612516984688,0.0459885613539137,0.1865838834287345,26798555.06921425,0.3177224472814265,0.0001333422228148,False,1809.9484522385708,3.0,43921911.04146369,3366.858110765289,0.0384587505365525,0.1964285714285714,58035714.28571428,0.0386907748307095
151,1399.999999999999,-2424.871130596428,54.0,3.0,17848968.111422524,33387712.721154176,39303512.24536226,780.8721534594429,0.1049306414798644,0.2639497880046843,33387712.721154176,0.4314333662340763,6.194122867776858e-05,False,1809.9484522385708,3.0,17848946.50796516,2624.298812346206,7.373805664469872e-06,0.3571428571428571,81250000.0,3.351150196858589e-06
152,1399.999999999999,-2424.871130596428,54.0,0.0,1269400.9150543436,19685492.6125238,5033.302910546309,828.0448780400659,0.1049600057060796,0.8715641921933635,19685492.6125238,0.4574963872677853,0.0,False,1809.9484522385708,7.0,1269400.9150543436,143.80865458703744,9.49447728141216e-05,0.1964285714285714,114285714.28571428,0.0003583663538434
153,9.094947017729282e-13,2424.871130596427,40.0,0.0,55008307.89467636,28589518.500320222,67046935.81377315,1350.8890394446785,0.1963242043146387,0.3589510844095531,28591483.873863757,0.8416889302397293,0.0002197772484077,False,1604.974226119285,6.0,55007207.28267726,9949.782020022696,0.0717996001584928,0.2321428571428571,58035714.28571428,0.0
154,9.094947017729282e-13,2424.871130596427,40.0,0.0,10799367.15188486,10722335.494162856,6884.508533803746,666.7177450875296,0.372896084390684,0.1618105963663318,10722514.164484994,0.4154071350414182,0.0003996465538045,False,1604.974226119285,6.0,10799347.287638336,2473.506500073034,3.330537021210198e-05,0.1607142857142857,81250000.0,8.100682836815305e-06
155,9.094947017729282e-13,2424.871130596427,40.0,1.0,523189.2776042052,20315247.45109947,660726.5789018997,1374.593863857367,0.5801216309819361,0.9490520528499098,20315247.45109947,0.8564585284220037,0.0,False,1604.974226119285,10.0,523189.2776042052,0.0,6.496600341543573e-05,0.2142857142857142,114285714.28571428,3.89691125392375e-05
156,9.094947017729282e-13,2424.871130596427,40.0,1.0,25278535.386105,59353556.65687256,30091601.2584411,880.421033876275,0.0976783278519982,0.2304424799383912,59356002.285362765,0.5485577397744705,0.000244788018913,False,1604.974226119285,9.0,25277999.270190604,13864.053360150112,0.0199714095471947,0.375,58035714.28571428,0.1552054804933619
157,9.094947017729282e-13,2424.871130596427,40.0,0.0,10731872.78524519,8935933.857402893,1787775.2433173398,517.1571969543033,0.0369458187235752,0.1941324210793362,8935933.857402893,0.3222214964814439,0.0002998247833094,False,1604.974226119285,10.0,10731654.12919099,1401.4845672423285,0.0001780743496356,0.3035714285714285,81250000.0,5.652412271635374e-05
158,9.094947017729282e-13,2424.871130596427,40.0,0.0,422986.8354143149,17730570.384523865,939.7615388267596,773.3008450090874,0.6141019581664555,0.9763641700956116,17730570.384523865,0.4818151172924904,0.0,False,1604.974226119285,8.0,422986.8354143149,0.0,7.097771035520025e-05,0.2857142857142857,114285714.28571428,5.6506266033921554e-05
159,9.094947017729282e-13,2424.871130596427,40.0,0.0,36188664.40884152,24733127.505196687,7145562.193283069,405.0324743787338,0.0040180782628874,0.2725668106334217,24733306.175518826,0.2523607343889091,0.0007917296166779,False,1604.974226119285,4.0,36186651.07162041,3188.187788626838,0.0560357372789202,0.25,58035714.28571428,0.0199714095471947
160,9.094947017729282e-13,2424.871130596427,40.0,0.0,12967767.758395609,42323797.37086934,1788612.838908302,722.2068941292688,4.6885323379628e-05,0.1922400858044199,42323797.37086934,0.4499803687661168,0.0001999733368884,False,1604.974226119285,1.0,12967595.398457794,3668.442735311633,4.797212044711804e-05,0.25,81250000.0,0.0001780743496356
161,9.094947017729282e-13,2424.871130596427,40.0,2.0,690160.4717841914,18761375.66783697,389752.4261031725,1060.3197189232287,0.9337655726825514,0.9999999738790816,18761375.66783697,0.6606459478710803,0.0,False,1604.974226119285,10.0,690160.4717841914,0.0,5.358919720960658e-05,0.3214285714285714,114285714.28571428,0.0001110657158892
162,1400.0000000000005,2424.8711305964275,52.0,0.0,72731593.67671135,25016441.52018562,68555808.04413533,1016.1950061648248,0.0310292741586637,0.2993794779911443,25019657.58598411,0.5614496948285902,0.1667083395842709,False,1809.9484522385708,12.0,72731070.04253198,1797161.1363610812,0.019090551836229,0.1071428571428571,58035714.28571428,0.1180205051005133
163,1400.0000000000005,2424.8711305964275,52.0,0.0,30928261.53324116,33946026.88002111,25015012.157608517,790.6487389846261,0.0764082315815463,0.3468289997704659,33946026.88002111,0.4368349485349929,7.500000000000001e-05,False,1809.9484522385708,6.0,30928198.47504515,2473.506500073034,0.0,0.1071428571428571,81250000.0,2.0845663849986925e-05
164,1400.0000000000005,2424.8711305964275,52.0,0.0,477081.2094939581,12508530.582590817,6878998.834818371,804.5502215450044,0.4752735451792525,0.6882797225649125,12508530.582590817,0.4445155443791368,4.999750012499376e-05,False,1809.9484522385708,12.0,477081.2094939581,178.67032213845096,1.843146883666493e-05,0.1071428571428571,114285714.28571428,0.0001264728649709
165,1400.0000000000005,2424.8711305964275,52.0,0.0,75451666.69361,36958109.646456696,47116620.079776175,575.061251698469,0.0158299814229962,0.2725116901506468,36958288.31677884,0.3177224472814266,2.064792886464521e-05,False,1809.9484522385708,10.0,75449612.22934785,2473.506500073034,0.1454146431675524,0.1071428571428571,58035714.28571428,0.0151001021537024
166,1400.0000000000005,2424.8711305964275,52.0,0.0,19152891.75746545,31881548.42363397,35174360.18651895,757.0800465550309,0.0398383521096353,0.2841272193032585,31881727.093956117,0.418288181422329,0.0004209851101329,False,1809.9484522385708,4.0,19152880.1076938,3902.869077180642,7.993493452330844e-06,0.2142857142857142,81250000.0,8.351073998647322e-06
167,1400.0000000000005,2424.8711305964275,52.0,0.0,1628095.3760779535,12513366.0835515,7186.093158350093,1587.6688707677718,0.3985969336256141,0.853003704327291,12513366.0835515,0.8771901038419738,9.997156839031288e-05,False,1809.9484522385708,11.0,1628095.3760779535,357.3406442769019,0.0001832855408887,0.25,114285714.28571428,0.0001145585389031
168,1400.0000000000005,2424.8711305964275,52.0,3.0,62286458.466962166,26524626.94726907,91775624.43892623,1675.6416122413752,0.1070982766981539,0.3144805024682023,26525162.958235484,0.9257952126586352,1.0324071017664592e-05,False,1809.9484522385708,8.0,62284968.383052826,8699.089765053528,0.0302002043074049,0.1428571428571428,58035714.28571428,0.0615847920569706
169,1400.0000000000005,2424.8711305964275,52.0,0.0,28027179.46826777,74479508.34279037,10727790.640119549,1540.546425965258,0.2358549284831305,0.3799238927900473,74479508.34279037,0.8511548624823473,0.0001399784770798,False,1809.9484522385708,8.0,28027122.63936717,5840.36461083832,2.241143125749609e-05,0.125,81250000.0,2.5932327861408136e-05
170,1400.0000000000005,2424.8711305964275,52.0,1.0,153117.43023096144,21484723.97804343,6854.305214045199,1534.0435604236156,1.1556391383251214,0.8152299349382166,21484723.97804343,0.8475620167669903,4.9982895929099454e-05,False,1809.9484522385708,9.0,153117.43023096144,156.89239075288066,0.0001948267603272,0.1607142857142857,114285714.28571428,0.0001745964918439
